symbol,legal_name,cik,figi,exchange_mic,security_type,share_class,currency,domicile,sic,source_classification,mapped_sector,primary_liquid_class
A,"AGILENT TECHNOLOGIES, INC.",0001090872,,XNYS,COMMON_STOCK,UNSPECIFIED,USD,,,Health Care,,true
AAPL,Apple Inc.,0000320193,,XNAS,COMMON_STOCK,UNSPECIFIED,USD,,,Information Technology,,true
ABBV,AbbVie Inc.,0001551152,,XNYS,COMMON_STOCK,UNSPECIFIED,USD,,,Health Care,,true
ABNB,"Airbnb, Inc.",0001559720,,XNAS,COMMON_STOCK,CLASS_A,USD,,,Consumer Discretionary,,true
ABT,ABBOTT LABORATORIES,0000001800,,XNYS,COMMON_STOCK,UNSPECIFIED,USD,,,Health Care,,true
ACGL,ARCH CAPITAL GROUP LTD.,0000947484,,XNAS,COMMON_STOCK,UNSPECIFIED,USD,,,Financials,,true
ACN,Accenture plc,0001467373,,XNYS,COMMON_STOCK,UNSPECIFIED,USD,,,Information Technology,,true
ADBE,ADOBE INC.,0000796343,,XNAS,COMMON_STOCK,UNSPECIFIED,USD,,,Information Technology,,true
ADI,ANALOG DEVICES INC,0000006281,,XNAS,COMMON_STOCK,UNSPECIFIED,USD,,,Information Technology,,true
ADM,Archer-Daniels-Midland Co,0000007084,,XNYS,COMMON_STOCK,UNSPECIFIED,USD,,,Consumer Staples,,true
ADP,AUTOMATIC DATA PROCESSING INC,0000008670,,XNAS,COMMON_STOCK,UNSPECIFIED,USD,,,Industrials,,true
ADSK,"Autodesk, Inc.",0000769397,,XNAS,COMMON_STOCK,UNSPECIFIED,USD,,,Information Technology,,true
AEE,AMEREN CORP,0001002910,,XNYS,COMMON_STOCK,UNSPECIFIED,USD,,,Utilities,,true
AEP,AMERICAN ELECTRIC POWER CO INC,0000004904,,XNAS,COMMON_STOCK,UNSPECIFIED,USD,,,Utilities,,true
AES,AES CORP,0000874761,,XNYS,COMMON_STOCK,UNSPECIFIED,USD,,,Utilities,,true
AFL,AFLAC INC,0000004977,,XNYS,COMMON_STOCK,UNSPECIFIED,USD,,,Financials,,true
AIG,"AMERICAN INTERNATIONAL GROUP, INC.",0000005272,,XNYS,COMMON_STOCK,UNSPECIFIED,USD,,,Financials,,true
AIZ,"ASSURANT, INC.",0001267238,,XNYS,COMMON_STOCK,UNSPECIFIED,USD,,,Financials,,true
AJG,Arthur J. Gallagher & Co.,0000354190,,XNYS,COMMON_STOCK,UNSPECIFIED,USD,,,Financials,,true
AKAM,AKAMAI TECHNOLOGIES INC,0001086222,,XNAS,COMMON_STOCK,UNSPECIFIED,USD,,,Information Technology,,true
ALB,ALBEMARLE CORP,0000915913,,XNYS,COMMON_STOCK,UNSPECIFIED,USD,,,Materials,,true
ALGN,ALIGN TECHNOLOGY INC,0001097149,,XNAS,COMMON_STOCK,UNSPECIFIED,USD,,,Health Care,,true
ALL,ALLSTATE CORP,0000899051,,XNYS,COMMON_STOCK,UNSPECIFIED,USD,,,Financials,,true
ALLE,Allegion plc,0001579241,,XNYS,COMMON_STOCK,UNSPECIFIED,USD,,,Industrials,,true
AMAT,APPLIED MATERIALS INC /DE,0000006951,,XNAS,COMMON_STOCK,UNSPECIFIED,USD,,,Information Technology,,true
AMCR,Amcor plc,0001748790,,XNYS,COMMON_STOCK,UNSPECIFIED,USD,,,Materials,,true
AMD,ADVANCED MICRO DEVICES INC,0000002488,,XNAS,COMMON_STOCK,UNSPECIFIED,USD,,,Information Technology,,true
AME,AMETEK INC/,0001037868,,XNYS,COMMON_STOCK,UNSPECIFIED,USD,,,Industrials,,true
AMGN,AMGEN INC,0000318154,,XNAS,COMMON_STOCK,UNSPECIFIED,USD,,,Health Care,,true
AMP,AMERIPRISE FINANCIAL INC,0000820027,,XNYS,COMMON_STOCK,UNSPECIFIED,USD,,,Financials,,true
AMT,AMERICAN TOWER CORP /MA/,0001053507,,XNYS,COMMON_STOCK,UNSPECIFIED,USD,,,Real Estate,,true
AMZN,AMAZON COM INC,0001018724,,XNAS,COMMON_STOCK,UNSPECIFIED,USD,,,Consumer Discretionary,,true
ANET,"Arista Networks, Inc.",0001596532,,XNYS,COMMON_STOCK,UNSPECIFIED,USD,,,Information Technology,,true
AON,Aon plc,0000315293,,XNYS,COMMON_STOCK,UNSPECIFIED,USD,,,Financials,,true
AOS,SMITH A O CORP,0000091142,,XNYS,COMMON_STOCK,UNSPECIFIED,USD,,,Industrials,,true
APA,APA Corp,0001841666,,XNAS,COMMON_STOCK,UNSPECIFIED,USD,,,Energy,,true
APD,"Air Products & Chemicals, Inc.",0000002969,,XNYS,COMMON_STOCK,UNSPECIFIED,USD,,,Materials,,true
APH,AMPHENOL CORP /DE/,0000820313,,XNYS,COMMON_STOCK,UNSPECIFIED,USD,,,Information Technology,,true
APO,"Apollo Global Management, Inc.",0001858681,,XNYS,COMMON_STOCK,UNSPECIFIED,USD,,,Financials,,true
APP,AppLovin Corp,0001751008,,XNAS,COMMON_STOCK,CLASS_A,USD,,,Communication Services,,true
APTV,Aptiv PLC,0001521332,,XNYS,COMMON_STOCK,UNSPECIFIED,USD,,,Consumer Discretionary,,true
ARE,"ALEXANDRIA REAL ESTATE EQUITIES, INC.",0001035443,,XNYS,COMMON_STOCK,UNSPECIFIED,USD,,,Real Estate,,true
ARES,Ares Management Corp,0001176948,,XNYS,COMMON_STOCK,UNSPECIFIED,USD,,,Financials,,true
ATO,ATMOS ENERGY CORP,0000731802,,XNYS,COMMON_STOCK,UNSPECIFIED,USD,,,Utilities,,true
AVGO,Broadcom Inc.,0001730168,,XNAS,COMMON_STOCK,UNSPECIFIED,USD,,,Information Technology,,true
AVY,Avery Dennison Corp,0000008818,,XNYS,COMMON_STOCK,UNSPECIFIED,USD,,,Materials,,true
AWK,"American Water Works Company, Inc.",0001410636,,XNYS,COMMON_STOCK,UNSPECIFIED,USD,,,Utilities,,true
AXON,"AXON ENTERPRISE, INC.",0001069183,,XNAS,COMMON_STOCK,UNSPECIFIED,USD,,,Industrials,,true
AXP,AMERICAN EXPRESS CO,0000004962,,XNYS,COMMON_STOCK,UNSPECIFIED,USD,,,Financials,,true
AZO,AUTOZONE INC,0000866787,,XNYS,COMMON_STOCK,UNSPECIFIED,USD,,,Consumer Discretionary,,true
BA,BOEING CO,0000012927,,XNYS,COMMON_STOCK,UNSPECIFIED,USD,,,Industrials,,true
BAC,BANK OF AMERICA CORP /DE/,0000070858,,XNYS,COMMON_STOCK,UNSPECIFIED,USD,,,Financials,,true
BALL,BALL Corp,0000009389,,XNYS,COMMON_STOCK,UNSPECIFIED,USD,,,Materials,,true
BAX,BAXTER INTERNATIONAL INC,0000010456,,XNYS,COMMON_STOCK,UNSPECIFIED,USD,,,Health Care,,true
BBY,BEST BUY CO INC,0000764478,,XNYS,COMMON_STOCK,UNSPECIFIED,USD,,,Consumer Discretionary,,true
BDX,BECTON DICKINSON & CO,0000010795,,XNYS,COMMON_STOCK,UNSPECIFIED,USD,,,Health Care,,true
BEN,FRANKLIN RESOURCES INC,0000038777,,XNYS,COMMON_STOCK,UNSPECIFIED,USD,,,Financials,,true
BF.B,BROWN FORMAN CORP,0000014693,,XNYS,COMMON_STOCK,CLASS_B,USD,,,Consumer Staples,,true
BG,Bunge Global SA,0001996862,,XNYS,COMMON_STOCK,UNSPECIFIED,USD,,,Consumer Staples,,true
BIIB,BIOGEN INC.,0000875045,,XNAS,COMMON_STOCK,UNSPECIFIED,USD,,,Health Care,,true
BKNG,Booking Holdings Inc.,0001075531,,XNAS,COMMON_STOCK,UNSPECIFIED,USD,,,Consumer Discretionary,,true
BKR,Baker Hughes Co,0001701605,,XNAS,COMMON_STOCK,CLASS_A,USD,,,Energy,,true
BLDR,"Builders FirstSource, Inc.",0001316835,,XNYS,COMMON_STOCK,UNSPECIFIED,USD,,,Industrials,,true
BLK,"BlackRock, Inc.",0002012383,,XNYS,COMMON_STOCK,UNSPECIFIED,USD,,,Financials,,true
BMY,BRISTOL MYERS SQUIBB CO,0000014272,,XNYS,COMMON_STOCK,UNSPECIFIED,USD,,,Health Care,,true
BNY,BLACKROCK NEW YORK MUNICIPAL INCOME TRUST,0001390777,,XNYS,COMMON_STOCK,UNSPECIFIED,USD,,,Financials,,true
BR,"BROADRIDGE FINANCIAL SOLUTIONS, INC.",0001383312,,XNYS,COMMON_STOCK,UNSPECIFIED,USD,,,Industrials,,true
BRK.B,BERKSHIRE HATHAWAY INC,0001067983,,XNYS,COMMON_STOCK,CLASS_B,USD,,,Financials,,true
BRO,"BROWN & BROWN, INC.",0000079282,,XNYS,COMMON_STOCK,UNSPECIFIED,USD,,,Financials,,true
BSX,BOSTON SCIENTIFIC CORP,0000885725,,XNYS,COMMON_STOCK,UNSPECIFIED,USD,,,Health Care,,true
BX,Blackstone Inc.,0001393818,,XNYS,COMMON_STOCK,UNSPECIFIED,USD,,,Financials,,true
BXP,"BXP, Inc.",0001037540,,XNYS,COMMON_STOCK,UNSPECIFIED,USD,,,Real Estate,,true
C,CITIGROUP INC,0000831001,,XNYS,COMMON_STOCK,UNSPECIFIED,USD,,,Financials,,true
CAH,CARDINAL HEALTH INC,0000721371,,XNYS,COMMON_STOCK,UNSPECIFIED,USD,,,Health Care,,true
CARR,CARRIER GLOBAL Corp,0001783180,,XNYS,COMMON_STOCK,UNSPECIFIED,USD,,,Industrials,,true
CASY,CASEYS GENERAL STORES INC,0000726958,,XNAS,COMMON_STOCK,UNSPECIFIED,USD,,,Consumer Staples,,true
CAT,CATERPILLAR INC,0000018230,,XNYS,COMMON_STOCK,UNSPECIFIED,USD,,,Industrials,,true
CB,Chubb Ltd,0000896159,,XNYS,COMMON_STOCK,UNSPECIFIED,USD,,,Financials,,true
CBOE,"Cboe Global Markets, Inc.",0001374310,,BATS,COMMON_STOCK,UNSPECIFIED,USD,,,Financials,,true
CBRE,"CBRE GROUP, INC.",0001138118,,XNYS,COMMON_STOCK,UNSPECIFIED,USD,,,Real Estate,,true
CCI,CROWN CASTLE INC.,0001051470,,XNYS,COMMON_STOCK,UNSPECIFIED,USD,,,Real Estate,,true
CCL,CARNIVAL CORP,0000815097,,XNYS,COMMON_STOCK,UNSPECIFIED,USD,,,Consumer Discretionary,,true
CDNS,CADENCE DESIGN SYSTEMS INC,0000813672,,XNAS,COMMON_STOCK,UNSPECIFIED,USD,,,Information Technology,,true
CDW,CDW Corp,0001402057,,XNAS,COMMON_STOCK,UNSPECIFIED,USD,,,Information Technology,,true
CEG,Constellation Energy Corp,0001868275,,XNAS,COMMON_STOCK,UNSPECIFIED,USD,,,Utilities,,true
CF,"CF Industries Holdings, Inc.",0001324404,,XNYS,COMMON_STOCK,UNSPECIFIED,USD,,,Materials,,true
CFG,CITIZENS FINANCIAL GROUP INC/RI,0000759944,,XNYS,COMMON_STOCK,UNSPECIFIED,USD,,,Financials,,true
CHD,CHURCH & DWIGHT CO INC /DE/,0000313927,,XNYS,COMMON_STOCK,UNSPECIFIED,USD,,,Consumer Staples,,true
CHRW,"C. H. ROBINSON WORLDWIDE, INC.",0001043277,,XNAS,COMMON_STOCK,UNSPECIFIED,USD,,,Industrials,,true
CHTR,"CHARTER COMMUNICATIONS, INC. /MO/",0001091667,,XNAS,COMMON_STOCK,UNSPECIFIED,USD,,,Communication Services,,true
CI,Cigna Group,0001739940,,XNYS,COMMON_STOCK,UNSPECIFIED,USD,,,Health Care,,true
CIEN,CIENA CORP,0000936395,,XNYS,COMMON_STOCK,UNSPECIFIED,USD,,,Information Technology,,true
CINF,CINCINNATI FINANCIAL CORP,0000020286,,XNAS,COMMON_STOCK,UNSPECIFIED,USD,,,Financials,,true
CL,COLGATE PALMOLIVE CO,0000021665,,XNYS,COMMON_STOCK,UNSPECIFIED,USD,,,Consumer Staples,,true
CLX,CLOROX CO /DE/,0000021076,,XNYS,COMMON_STOCK,UNSPECIFIED,USD,,,Consumer Staples,,true
CMCSA,COMCAST CORP,0001166691,,XNAS,COMMON_STOCK,CLASS_A,USD,,,Communication Services,,true
CME,CME GROUP INC.,0001156375,,XNAS,COMMON_STOCK,UNSPECIFIED,USD,,,Financials,,true
CMG,CHIPOTLE MEXICAN GRILL INC,0001058090,,XNYS,COMMON_STOCK,UNSPECIFIED,USD,,,Consumer Discretionary,,true
CMI,CUMMINS INC,0000026172,,XNYS,COMMON_STOCK,UNSPECIFIED,USD,,,Industrials,,true
CMS,CMS ENERGY CORP,0000811156,,XNYS,COMMON_STOCK,UNSPECIFIED,USD,,,Utilities,,true
CNC,CENTENE CORP,0001071739,,XNYS,COMMON_STOCK,UNSPECIFIED,USD,,,Health Care,,true
CNP,CENTERPOINT ENERGY INC,0001130310,,XNYS,COMMON_STOCK,UNSPECIFIED,USD,,,Utilities,,true
COF,CAPITAL ONE FINANCIAL CORP,0000927628,,XNYS,COMMON_STOCK,UNSPECIFIED,USD,,,Financials,,true
COHR,COHERENT CORP.,0000820318,,XNYS,COMMON_STOCK,UNSPECIFIED,USD,,,Information Technology,,true
COIN,"Coinbase Global, Inc.",0001679788,,XNAS,COMMON_STOCK,UNSPECIFIED,USD,,,Financials,,true
COO,"COOPER COMPANIES, INC.",0000711404,,XNAS,COMMON_STOCK,UNSPECIFIED,USD,,,Health Care,,true
COP,CONOCOPHILLIPS,0001163165,,XNYS,COMMON_STOCK,UNSPECIFIED,USD,,,Energy,,true
COR,"Cencora, Inc.",0001140859,,XNYS,COMMON_STOCK,UNSPECIFIED,USD,,,Health Care,,true
COST,COSTCO WHOLESALE CORP /NEW,0000909832,,XNAS,COMMON_STOCK,UNSPECIFIED,USD,,,Consumer Staples,,true
CPAY,"CORPAY, INC.",0001175454,,XNYS,COMMON_STOCK,UNSPECIFIED,USD,,,Financials,,true
CPRT,COPART INC,0000900075,,XNAS,COMMON_STOCK,UNSPECIFIED,USD,,,Industrials,,true
CPT,CAMDEN PROPERTY TRUST,0000906345,,XNYS,COMMON_STOCK,UNSPECIFIED,USD,,,Real Estate,,true
CRH,CRH PUBLIC LTD CO,0000849395,,XNYS,COMMON_STOCK,UNSPECIFIED,USD,,,Materials,,true
CRL,"CHARLES RIVER LABORATORIES INTERNATIONAL, INC.",0001100682,,XNYS,COMMON_STOCK,UNSPECIFIED,USD,,,Health Care,,true
CRM,"Salesforce, Inc.",0001108524,,XNYS,COMMON_STOCK,UNSPECIFIED,USD,,,Information Technology,,true
CRWD,"CrowdStrike Holdings, Inc.",0001535527,,XNAS,COMMON_STOCK,CLASS_A,USD,,,Information Technology,,true
CSCO,"CISCO SYSTEMS, INC.",0000858877,,XNAS,COMMON_STOCK,UNSPECIFIED,USD,,,Information Technology,,true
CSGP,"COSTAR GROUP, INC.",0001057352,,XNAS,COMMON_STOCK,UNSPECIFIED,USD,,,Real Estate,,true
CSX,CSX CORP,0000277948,,XNAS,COMMON_STOCK,UNSPECIFIED,USD,,,Industrials,,true
CTAS,CINTAS CORP,0000723254,,XNAS,COMMON_STOCK,UNSPECIFIED,USD,,,Industrials,,true
CTSH,COGNIZANT TECHNOLOGY SOLUTIONS CORP,0001058290,,XNAS,COMMON_STOCK,UNSPECIFIED,USD,,,Information Technology,,true
CTVA,"Corteva, Inc.",0001755672,,XNYS,COMMON_STOCK,UNSPECIFIED,USD,,,Materials,,true
CVNA,CARVANA CO.,0001690820,,XNYS,COMMON_STOCK,UNSPECIFIED,USD,,,Consumer Discretionary,,true
CVS,CVS HEALTH Corp,0000064803,,XNYS,COMMON_STOCK,UNSPECIFIED,USD,,,Health Care,,true
CVX,CHEVRON CORP,0000093410,,XNYS,COMMON_STOCK,UNSPECIFIED,USD,,,Energy,,true
D,"DOMINION ENERGY, INC",0000715957,,XNYS,COMMON_STOCK,UNSPECIFIED,USD,,,Utilities,,true
DAL,"DELTA AIR LINES, INC.",0000027904,,XNYS,COMMON_STOCK,UNSPECIFIED,USD,,,Industrials,,true
DASH,"DoorDash, Inc.",0001792789,,XNAS,COMMON_STOCK,CLASS_A,USD,,,Consumer Discretionary,,true
DD,"DuPont de Nemours, Inc.",0001666700,,XNYS,COMMON_STOCK,UNSPECIFIED,USD,,,Industrials,,true
DDOG,"Datadog, Inc.",0001561550,,XNAS,COMMON_STOCK,CLASS_A,USD,,,Information Technology,,true
DE,DEERE & CO,0000315189,,XNYS,COMMON_STOCK,UNSPECIFIED,USD,,,Industrials,,true
DECK,DECKERS OUTDOOR CORP,0000910521,,XNYS,COMMON_STOCK,UNSPECIFIED,USD,,,Consumer Discretionary,,true
DELL,Dell Technologies Inc.,0001571996,,XNYS,COMMON_STOCK,UNSPECIFIED,USD,,,Information Technology,,true
DG,DOLLAR GENERAL CORP,0000029534,,XNYS,COMMON_STOCK,UNSPECIFIED,USD,,,Consumer Staples,,true
DGX,QUEST DIAGNOSTICS INC,0001022079,,XNYS,COMMON_STOCK,UNSPECIFIED,USD,,,Health Care,,true
DHI,HORTON D R INC /DE/,0000882184,,XNYS,COMMON_STOCK,UNSPECIFIED,USD,,,Consumer Discretionary,,true
DHR,DANAHER CORP /DE/,0000313616,,XNYS,COMMON_STOCK,UNSPECIFIED,USD,,,Health Care,,true
DIS,Walt Disney Co,0001744489,,XNYS,COMMON_STOCK,UNSPECIFIED,USD,,,Communication Services,,true
DLR,"DIGITAL REALTY TRUST, INC.",0001297996,,XNYS,COMMON_STOCK,UNSPECIFIED,USD,,,Real Estate,,true
DLTR,"DOLLAR TREE, INC.",0000935703,,XNAS,COMMON_STOCK,UNSPECIFIED,USD,,,Consumer Staples,,true
DOC,"HEALTHPEAK PROPERTIES, INC.",0000765880,,XNYS,COMMON_STOCK,UNSPECIFIED,USD,,,Real Estate,,true
DOV,DOVER Corp,0000029905,,XNYS,COMMON_STOCK,UNSPECIFIED,USD,,,Industrials,,true
DOW,DOW INC.,0001751788,,XNYS,COMMON_STOCK,UNSPECIFIED,USD,,,Materials,,true
DPZ,DOMINOS PIZZA INC,0001286681,,XNYS,COMMON_STOCK,UNSPECIFIED,USD,,,Consumer Discretionary,,true
DRI,DARDEN RESTAURANTS INC,0000940944,,XNYS,COMMON_STOCK,UNSPECIFIED,USD,,,Consumer Discretionary,,true
DTE,DTE ENERGY CO,0000936340,,XNYS,COMMON_STOCK,UNSPECIFIED,USD,,,Utilities,,true
DUK,Duke Energy CORP,0001326160,,XNYS,COMMON_STOCK,UNSPECIFIED,USD,,,Utilities,,true
DVA,DAVITA INC.,0000927066,,XNYS,COMMON_STOCK,UNSPECIFIED,USD,,,Health Care,,true
DVN,DEVON ENERGY CORP/DE,0001090012,,XNYS,COMMON_STOCK,UNSPECIFIED,USD,,,Energy,,true
DXCM,DEXCOM INC,0001093557,,XNAS,COMMON_STOCK,UNSPECIFIED,USD,,,Health Care,,true
EBAY,EBAY INC,0001065088,,XNAS,COMMON_STOCK,UNSPECIFIED,USD,,,Consumer Discretionary,,true
ECHO,EchoStar CORP,0001415404,,XNAS,COMMON_STOCK,UNSPECIFIED,USD,,,Communication Services,,true
ECL,ECOLAB INC.,0000031462,,XNYS,COMMON_STOCK,UNSPECIFIED,USD,,,Materials,,true
ED,CONSOLIDATED EDISON INC,0001047862,,XNYS,COMMON_STOCK,UNSPECIFIED,USD,,,Utilities,,true
EFX,EQUIFAX INC,0000033185,,XNYS,COMMON_STOCK,UNSPECIFIED,USD,,,Industrials,,true
EG,"EVEREST GROUP, LTD.",0001095073,,XNYS,COMMON_STOCK,UNSPECIFIED,USD,,,Financials,,true
EIX,EDISON INTERNATIONAL,0000827052,,XNYS,COMMON_STOCK,UNSPECIFIED,USD,,,Utilities,,true
EL,ESTEE LAUDER COMPANIES INC,0001001250,,XNYS,COMMON_STOCK,UNSPECIFIED,USD,,,Consumer Staples,,true
ELV,"Elevance Health, Inc.",0001156039,,XNYS,COMMON_STOCK,UNSPECIFIED,USD,,,Health Care,,true
EME,"EMCOR Group, Inc.",0000105634,,XNYS,COMMON_STOCK,UNSPECIFIED,USD,,,Industrials,,true
EMR,EMERSON ELECTRIC CO,0000032604,,XNYS,COMMON_STOCK,UNSPECIFIED,USD,,,Industrials,,true
EOG,EOG RESOURCES INC,0000821189,,XNYS,COMMON_STOCK,UNSPECIFIED,USD,,,Energy,,true
EQIX,EQUINIX INC,0001101239,,XNAS,COMMON_STOCK,UNSPECIFIED,USD,,,Real Estate,,true
EQT,EQT Corp,0000033213,,XNYS,COMMON_STOCK,UNSPECIFIED,USD,,,Energy,,true
ERIE,ERIE INDEMNITY CO,0000922621,,XNAS,COMMON_STOCK,UNSPECIFIED,USD,,,Financials,,true
ES,EVERSOURCE ENERGY,0000072741,,XNYS,COMMON_STOCK,UNSPECIFIED,USD,,,Utilities,,true
ESS,"ESSEX PROPERTY TRUST, INC.",0000920522,,XNYS,COMMON_STOCK,UNSPECIFIED,USD,,,Real Estate,,true
ETN,Eaton Corp plc,0001551182,,XNYS,COMMON_STOCK,UNSPECIFIED,USD,,,Industrials,,true
ETR,ENTERGY CORP /DE/,0000065984,,XNYS,COMMON_STOCK,UNSPECIFIED,USD,,,Utilities,,true
EVRG,"Evergy, Inc.",0001711269,,XNYS,COMMON_STOCK,UNSPECIFIED,USD,,,Utilities,,true
EW,Edwards Lifesciences Corp,0001099800,,XNYS,COMMON_STOCK,UNSPECIFIED,USD,,,Health Care,,true
EXC,EXELON CORP,0001109357,,XNAS,COMMON_STOCK,UNSPECIFIED,USD,,,Utilities,,true
EXE,EXPAND ENERGY Corp,0000895126,,XNAS,COMMON_STOCK,UNSPECIFIED,USD,,,Energy,,true
EXPD,EXPEDITORS INTERNATIONAL OF WASHINGTON INC,0000746515,,XNAS,COMMON_STOCK,UNSPECIFIED,USD,,,Industrials,,true
EXPE,"Expedia Group, Inc.",0001324424,,XNAS,COMMON_STOCK,UNSPECIFIED,USD,,,Consumer Discretionary,,true
EXR,Extra Space Storage Inc.,0001289490,,XNYS,COMMON_STOCK,UNSPECIFIED,USD,,,Real Estate,,true
F,FORD MOTOR CO,0000037996,,XNYS,COMMON_STOCK,UNSPECIFIED,USD,,,Consumer Discretionary,,true
FANG,"Diamondback Energy, Inc.",0001539838,,XNAS,COMMON_STOCK,UNSPECIFIED,USD,,,Energy,,true
FAST,FASTENAL CO,0000815556,,XNAS,COMMON_STOCK,UNSPECIFIED,USD,,,Industrials,,true
FCX,FREEPORT-MCMORAN INC,0000831259,,XNYS,COMMON_STOCK,UNSPECIFIED,USD,,,Materials,,true
FDS,FACTSET RESEARCH SYSTEMS INC,0001013237,,XNYS,COMMON_STOCK,UNSPECIFIED,USD,,,Financials,,true
FDX,FEDEX CORP,0001048911,,XNYS,COMMON_STOCK,UNSPECIFIED,USD,,,Industrials,,true
FDXF,FedEx Freight,0002082247,,XNYS,COMMON_STOCK,UNSPECIFIED,USD,,,Industrials,,true
FE,FIRSTENERGY CORP,0001031296,,XNYS,COMMON_STOCK,UNSPECIFIED,USD,,,Utilities,,true
FERG,Ferguson Enterprises Inc. /DE/,0002011641,,XNYS,COMMON_STOCK,UNSPECIFIED,USD,,,Industrials,,true
FFIV,"F5, INC.",0001048695,,XNAS,COMMON_STOCK,UNSPECIFIED,USD,,,Information Technology,,true
FICO,FAIR ISAAC CORP,0000814547,,XNYS,COMMON_STOCK,UNSPECIFIED,USD,,,Information Technology,,true
FIS,"Fidelity National Information Services, Inc.",0001136893,,XNYS,COMMON_STOCK,UNSPECIFIED,USD,,,Financials,,true
FISV,FISERV INC,0000798354,,XNAS,COMMON_STOCK,UNSPECIFIED,USD,,,Financials,,true
FITB,FIFTH THIRD BANCORP,0000035527,,XNYS,COMMON_STOCK,UNSPECIFIED,USD,,,Financials,,true
FIX,COMFORT SYSTEMS USA INC,0001035983,,XNYS,COMMON_STOCK,UNSPECIFIED,USD,,,Industrials,,true
FLEX,FLEX LTD.,0000866374,,XNAS,COMMON_STOCK,UNSPECIFIED,USD,,,Information Technology,,true
FOX,Fox Corp,0001754301,,XNAS,COMMON_STOCK,CLASS_B,USD,,,Communication Services,,false
FOXA,Fox Corp,0001754301,,XNAS,COMMON_STOCK,CLASS_A,USD,,,Communication Services,,true
FRT,FEDERAL REALTY INVESTMENT TRUST,0000034903,,XNYS,COMMON_STOCK,UNSPECIFIED,USD,,,Real Estate,,true
FSLR,"FIRST SOLAR, INC.",0001274494,,XNAS,COMMON_STOCK,UNSPECIFIED,USD,,,Information Technology,,true
FTNT,"Fortinet, Inc.",0001262039,,XNAS,COMMON_STOCK,UNSPECIFIED,USD,,,Information Technology,,true
FTV,Fortive Corp,0001659166,,XNYS,COMMON_STOCK,UNSPECIFIED,USD,,,Industrials,,true
GD,GENERAL DYNAMICS CORP,0000040533,,XNYS,COMMON_STOCK,UNSPECIFIED,USD,,,Industrials,,true
GDDY,GoDaddy Inc.,0001609711,,XNYS,COMMON_STOCK,UNSPECIFIED,USD,,,Information Technology,,true
GE,GENERAL ELECTRIC CO,0000040545,,XNYS,COMMON_STOCK,UNSPECIFIED,USD,,,Industrials,,true
GEHC,GE HealthCare Technologies Inc.,0001932393,,XNAS,COMMON_STOCK,UNSPECIFIED,USD,,,Health Care,,true
GEN,Gen Digital Inc.,0000849399,,XNAS,COMMON_STOCK,UNSPECIFIED,USD,,,Information Technology,,true
GEV,GE Vernova Inc.,0001996810,,XNYS,COMMON_STOCK,UNSPECIFIED,USD,,,Industrials,,true
GILD,"GILEAD SCIENCES, INC.",0000882095,,XNAS,COMMON_STOCK,UNSPECIFIED,USD,,,Health Care,,true
GIS,GENERAL MILLS INC,0000040704,,XNYS,COMMON_STOCK,UNSPECIFIED,USD,,,Consumer Staples,,true
GL,GLOBE LIFE INC.,0000320335,,XNYS,COMMON_STOCK,UNSPECIFIED,USD,,,Financials,,true
GLW,CORNING INC /NY,0000024741,,XNYS,COMMON_STOCK,UNSPECIFIED,USD,,,Information Technology,,true
GM,General Motors Co,0001467858,,XNYS,COMMON_STOCK,UNSPECIFIED,USD,,,Consumer Discretionary,,true
GNRC,GENERAC HOLDINGS INC.,0001474735,,XNYS,COMMON_STOCK,UNSPECIFIED,USD,,,Industrials,,true
GOOG,Alphabet Inc.,0001652044,,XNAS,COMMON_STOCK,CLASS_C,USD,,,Communication Services,,false
GOOGL,Alphabet Inc.,0001652044,,XNAS,COMMON_STOCK,CLASS_A,USD,,,Communication Services,,true
GPC,GENUINE PARTS CO,0000040987,,XNYS,COMMON_STOCK,UNSPECIFIED,USD,,,Consumer Discretionary,,true
GPN,GLOBAL PAYMENTS INC,0001123360,,XNYS,COMMON_STOCK,UNSPECIFIED,USD,,,Financials,,true
GRMN,GARMIN LTD,0001121788,,XNYS,COMMON_STOCK,UNSPECIFIED,USD,,,Consumer Discretionary,,true
GS,GOLDMAN SACHS GROUP INC,0000886982,,XNYS,COMMON_STOCK,UNSPECIFIED,USD,,,Financials,,true
GWW,"W.W. GRAINGER, INC.",0000277135,,XNYS,COMMON_STOCK,UNSPECIFIED,USD,,,Industrials,,true
HAL,HALLIBURTON CO,0000045012,,XNYS,COMMON_STOCK,UNSPECIFIED,USD,,,Energy,,true
HAS,"HASBRO, INC.",0000046080,,XNAS,COMMON_STOCK,UNSPECIFIED,USD,,,Consumer Discretionary,,true
HBAN,HUNTINGTON BANCSHARES INC /MD/,0000049196,,XNAS,COMMON_STOCK,UNSPECIFIED,USD,,,Financials,,true
HCA,"HCA Healthcare, Inc.",0000860730,,XNYS,COMMON_STOCK,UNSPECIFIED,USD,,,Health Care,,true
HD,"HOME DEPOT, INC.",0000354950,,XNYS,COMMON_STOCK,UNSPECIFIED,USD,,,Consumer Discretionary,,true
HIG,"HARTFORD INSURANCE GROUP, INC.",0000874766,,XNYS,COMMON_STOCK,UNSPECIFIED,USD,,,Financials,,true
HII,"HUNTINGTON INGALLS INDUSTRIES, INC.",0001501585,,XNYS,COMMON_STOCK,UNSPECIFIED,USD,,,Industrials,,true
HLT,Hilton Worldwide Holdings Inc.,0001585689,,XNYS,COMMON_STOCK,UNSPECIFIED,USD,,,Consumer Discretionary,,true
HON,HONEYWELL INTERNATIONAL INC,0000773840,,XNAS,COMMON_STOCK,UNSPECIFIED,USD,,,Industrials,,true
HONA,Honeywell Aerospace,0002089271,,XNAS,COMMON_STOCK,UNSPECIFIED,USD,,,Industrials,,true
HOOD,"Robinhood Markets, Inc.",0001783879,,XNAS,COMMON_STOCK,UNSPECIFIED,USD,,,Financials,,true
HPE,Hewlett Packard Enterprise Co,0001645590,,XNYS,COMMON_STOCK,UNSPECIFIED,USD,,,Information Technology,,true
HPQ,HP INC,0000047217,,XNYS,COMMON_STOCK,UNSPECIFIED,USD,,,Information Technology,,true
HRL,HORMEL FOODS CORP /DE/,0000048465,,XNYS,COMMON_STOCK,UNSPECIFIED,USD,,,Consumer Staples,,true
HSIC,HENRY SCHEIN INC,0001000228,,XNAS,COMMON_STOCK,UNSPECIFIED,USD,,,Health Care,,true
HST,"HOST HOTELS & RESORTS, INC.",0001070750,,XNAS,COMMON_STOCK,UNSPECIFIED,USD,,,Real Estate,,true
HSY,HERSHEY CO,0000047111,,XNYS,COMMON_STOCK,UNSPECIFIED,USD,,,Consumer Staples,,true
HUBB,HUBBELL INC,0000048898,,XNYS,COMMON_STOCK,UNSPECIFIED,USD,,,Industrials,,true
HUM,HUMANA INC,0000049071,,XNYS,COMMON_STOCK,UNSPECIFIED,USD,,,Health Care,,true
HWM,Howmet Aerospace Inc.,0000004281,,XNYS,COMMON_STOCK,UNSPECIFIED,USD,,,Industrials,,true
IBKR,"Interactive Brokers Group, Inc.",0001381197,,XNAS,COMMON_STOCK,UNSPECIFIED,USD,,,Financials,,true
IBM,INTERNATIONAL BUSINESS MACHINES CORP,0000051143,,XNYS,COMMON_STOCK,UNSPECIFIED,USD,,,Information Technology,,true
ICE,"Intercontinental Exchange, Inc.",0001571949,,XNYS,COMMON_STOCK,UNSPECIFIED,USD,,,Financials,,true
IDXX,IDEXX LABORATORIES INC /DE,0000874716,,XNAS,COMMON_STOCK,UNSPECIFIED,USD,,,Health Care,,true
IEX,IDEX CORP /DE/,0000832101,,XNYS,COMMON_STOCK,UNSPECIFIED,USD,,,Industrials,,true
IFF,INTERNATIONAL FLAVORS & FRAGRANCES INC,0000051253,,XNYS,COMMON_STOCK,UNSPECIFIED,USD,,,Materials,,true
INCY,INCYTE CORP,0000879169,,XNAS,COMMON_STOCK,UNSPECIFIED,USD,,,Health Care,,true
INTC,INTEL CORP,0000050863,,XNAS,COMMON_STOCK,UNSPECIFIED,USD,,,Information Technology,,true
INTU,INTUIT INC.,0000896878,,XNAS,COMMON_STOCK,UNSPECIFIED,USD,,,Information Technology,,true
INVH,Invitation Homes Inc.,0001687229,,XNYS,COMMON_STOCK,UNSPECIFIED,USD,,,Real Estate,,true
IP,INTERNATIONAL PAPER CO /NEW/,0000051434,,XNYS,COMMON_STOCK,UNSPECIFIED,USD,,,Materials,,true
IQV,IQVIA HOLDINGS INC.,0001478242,,XNYS,COMMON_STOCK,UNSPECIFIED,USD,,,Health Care,,true
IR,Ingersoll Rand Inc.,0001699150,,XNYS,COMMON_STOCK,UNSPECIFIED,USD,,,Industrials,,true
IRM,IRON MOUNTAIN INC,0001020569,,XNYS,COMMON_STOCK,UNSPECIFIED,USD,,,Real Estate,,true
ISRG,INTUITIVE SURGICAL INC,0001035267,,XNAS,COMMON_STOCK,UNSPECIFIED,USD,,,Health Care,,true
IT,GARTNER INC,0000749251,,XNYS,COMMON_STOCK,UNSPECIFIED,USD,,,Information Technology,,true
ITW,ILLINOIS TOOL WORKS INC,0000049826,,XNYS,COMMON_STOCK,UNSPECIFIED,USD,,,Industrials,,true
IVZ,Invesco Ltd.,0000914208,,XNYS,COMMON_STOCK,UNSPECIFIED,USD,,,Financials,,true
J,JACOBS SOLUTIONS INC.,0000052988,,XNYS,COMMON_STOCK,UNSPECIFIED,USD,,,Industrials,,true
JBHT,HUNT J B TRANSPORT SERVICES INC,0000728535,,XNAS,COMMON_STOCK,UNSPECIFIED,USD,,,Industrials,,true
JBL,JABIL INC,0000898293,,XNYS,COMMON_STOCK,UNSPECIFIED,USD,,,Information Technology,,true
JCI,Johnson Controls International plc,0000833444,,XNYS,COMMON_STOCK,UNSPECIFIED,USD,,,Industrials,,true
JKHY,JACK HENRY & ASSOCIATES INC,0000779152,,XNAS,COMMON_STOCK,UNSPECIFIED,USD,,,Financials,,true
JNJ,JOHNSON & JOHNSON,0000200406,,XNYS,COMMON_STOCK,UNSPECIFIED,USD,,,Health Care,,true
JPM,JPMORGAN CHASE & CO,0000019617,,XNYS,COMMON_STOCK,UNSPECIFIED,USD,,,Financials,,true
KDP,Keurig Dr Pepper Inc.,0001418135,,XNAS,COMMON_STOCK,UNSPECIFIED,USD,,,Consumer Staples,,true
KEY,KEYCORP /NEW/,0000091576,,XNYS,COMMON_STOCK,UNSPECIFIED,USD,,,Financials,,true
KEYS,"Keysight Technologies, Inc.",0001601046,,XNYS,COMMON_STOCK,UNSPECIFIED,USD,,,Information Technology,,true
KHC,Kraft Heinz Co,0001637459,,XNAS,COMMON_STOCK,UNSPECIFIED,USD,,,Consumer Staples,,true
KIM,KIMCO REALTY CORP,0000879101,,XNYS,COMMON_STOCK,UNSPECIFIED,USD,,,Real Estate,,true
KKR,KKR & Co. Inc.,0001404912,,XNYS,COMMON_STOCK,UNSPECIFIED,USD,,,Financials,,true
KLAC,KLA CORP,0000319201,,XNAS,COMMON_STOCK,UNSPECIFIED,USD,,,Information Technology,,true
KMB,KIMBERLY CLARK CORP,0000055785,,XNAS,COMMON_STOCK,UNSPECIFIED,USD,,,Consumer Staples,,true
KMI,"KINDER MORGAN, INC.",0001506307,,XNYS,COMMON_STOCK,UNSPECIFIED,USD,,,Energy,,true
KO,COCA COLA CO,0000021344,,XNYS,COMMON_STOCK,UNSPECIFIED,USD,,,Consumer Staples,,true
KR,KROGER CO,0000056873,,XNYS,COMMON_STOCK,UNSPECIFIED,USD,,,Consumer Staples,,true
KVUE,Kenvue Inc.,0001944048,,XNYS,COMMON_STOCK,UNSPECIFIED,USD,,,Consumer Staples,,true
L,LOEWS CORP,0000060086,,XNYS,COMMON_STOCK,UNSPECIFIED,USD,,,Financials,,true
LDOS,"Leidos Holdings, Inc.",0001336920,,XNYS,COMMON_STOCK,UNSPECIFIED,USD,,,Industrials,,true
LEN,LENNAR CORP /NEW/,0000920760,,XNYS,COMMON_STOCK,UNSPECIFIED,USD,,,Consumer Discretionary,,true
LH,LABCORP HOLDINGS INC.,0000920148,,XNYS,COMMON_STOCK,UNSPECIFIED,USD,,,Health Care,,true
LHX,"L3HARRIS TECHNOLOGIES, INC. /DE/",0000202058,,XNYS,COMMON_STOCK,UNSPECIFIED,USD,,,Industrials,,true
LII,LENNOX INTERNATIONAL INC,0001069202,,XNYS,COMMON_STOCK,UNSPECIFIED,USD,,,Industrials,,true
LIN,LINDE PLC,0001707925,,XNAS,COMMON_STOCK,UNSPECIFIED,USD,,,Materials,,true
LITE,Lumentum Holdings Inc.,0001633978,,XNAS,COMMON_STOCK,UNSPECIFIED,USD,,,Information Technology,,true
LLY,ELI LILLY & Co,0000059478,,XNYS,COMMON_STOCK,UNSPECIFIED,USD,,,Health Care,,true
LMT,LOCKHEED MARTIN CORP,0000936468,,XNYS,COMMON_STOCK,UNSPECIFIED,USD,,,Industrials,,true
LNT,ALLIANT ENERGY CORP,0000352541,,XNAS,COMMON_STOCK,UNSPECIFIED,USD,,,Utilities,,true
LOW,LOWES COMPANIES INC,0000060667,,XNYS,COMMON_STOCK,UNSPECIFIED,USD,,,Consumer Discretionary,,true
LRCX,LAM RESEARCH CORP,0000707549,,XNAS,COMMON_STOCK,UNSPECIFIED,USD,,,Information Technology,,true
LULU,lululemon athletica inc.,0001397187,,XNAS,COMMON_STOCK,UNSPECIFIED,USD,,,Consumer Discretionary,,true
LUV,SOUTHWEST AIRLINES CO,0000092380,,XNYS,COMMON_STOCK,UNSPECIFIED,USD,,,Industrials,,true
LVS,LAS VEGAS SANDS CORP,0001300514,,XNYS,COMMON_STOCK,UNSPECIFIED,USD,,,Consumer Discretionary,,true
LYB,LyondellBasell Industries N.V.,0001489393,,XNYS,COMMON_STOCK,UNSPECIFIED,USD,,,Materials,,true
LYV,"Live Nation Entertainment, Inc.",0001335258,,XNYS,COMMON_STOCK,UNSPECIFIED,USD,,,Communication Services,,true
MA,Mastercard Inc,0001141391,,XNYS,COMMON_STOCK,UNSPECIFIED,USD,,,Financials,,true
MAA,MID AMERICA APARTMENT COMMUNITIES INC.,0000912595,,XNYS,COMMON_STOCK,UNSPECIFIED,USD,,,Real Estate,,true
MAR,MARRIOTT INTERNATIONAL INC /MD/,0001048286,,XNAS,COMMON_STOCK,CLASS_A,USD,,,Consumer Discretionary,,true
MAS,MASCO CORP /DE/,0000062996,,XNYS,COMMON_STOCK,UNSPECIFIED,USD,,,Industrials,,true
MCD,MCDONALDS CORP,0000063908,,XNYS,COMMON_STOCK,UNSPECIFIED,USD,,,Consumer Discretionary,,true
MCHP,MICROCHIP TECHNOLOGY INC,0000827054,,XNAS,COMMON_STOCK,UNSPECIFIED,USD,,,Information Technology,,true
MCK,MCKESSON CORP,0000927653,,XNYS,COMMON_STOCK,UNSPECIFIED,USD,,,Health Care,,true
MCO,MOODYS CORP /DE/,0001059556,,XNYS,COMMON_STOCK,UNSPECIFIED,USD,,,Financials,,true
MDLZ,"Mondelez International, Inc.",0001103982,,XNAS,COMMON_STOCK,CLASS_A,USD,,,Consumer Staples,,true
MDT,Medtronic plc,0001613103,,XNYS,COMMON_STOCK,UNSPECIFIED,USD,,,Health Care,,true
MET,METLIFE INC,0001099219,,XNYS,COMMON_STOCK,UNSPECIFIED,USD,,,Financials,,true
META,"Meta Platforms, Inc.",0001326801,,XNAS,COMMON_STOCK,CLASS_A,USD,,,Communication Services,,true
MGM,MGM Resorts International,0000789570,,XNYS,COMMON_STOCK,UNSPECIFIED,USD,,,Consumer Discretionary,,true
MKC,MCCORMICK & CO INC,0000063754,,XNYS,COMMON_STOCK,UNSPECIFIED,USD,,,Consumer Staples,,true
MLM,MARTIN MARIETTA MATERIALS INC,0000916076,,XNYS,COMMON_STOCK,UNSPECIFIED,USD,,,Materials,,true
MMM,3M CO,0000066740,,XNYS,COMMON_STOCK,UNSPECIFIED,USD,,,Industrials,,true
MNST,Monster Beverage Corp,0000865752,,XNAS,COMMON_STOCK,UNSPECIFIED,USD,,,Consumer Staples,,true
MO,"ALTRIA GROUP, INC.",0000764180,,XNYS,COMMON_STOCK,UNSPECIFIED,USD,,,Consumer Staples,,true
MOS,MOSAIC CO,0001285785,,XNYS,COMMON_STOCK,UNSPECIFIED,USD,,,Materials,,true
MPC,Marathon Petroleum Corp,0001510295,,XNYS,COMMON_STOCK,UNSPECIFIED,USD,,,Energy,,true
MPWR,MONOLITHIC POWER SYSTEMS INC,0001280452,,XNAS,COMMON_STOCK,UNSPECIFIED,USD,,,Information Technology,,true
MRK,"Merck & Co., Inc.",0000310158,,XNYS,COMMON_STOCK,UNSPECIFIED,USD,,,Health Care,,true
MRNA,"Moderna, Inc.",0001682852,,XNAS,COMMON_STOCK,UNSPECIFIED,USD,,,Health Care,,true
MRSH,"MARSH & MCLENNAN COMPANIES, INC.",0000062709,,XNYS,COMMON_STOCK,UNSPECIFIED,USD,,,Financials,,true
MRVL,"Marvell Technology, Inc.",0001835632,,XNAS,COMMON_STOCK,UNSPECIFIED,USD,,,Information Technology,,true
MS,MORGAN STANLEY,0000895421,,XNYS,COMMON_STOCK,UNSPECIFIED,USD,,,Financials,,true
MSCI,MSCI Inc.,0001408198,,XNYS,COMMON_STOCK,UNSPECIFIED,USD,,,Financials,,true
MSFT,MICROSOFT CORP,0000789019,,XNAS,COMMON_STOCK,UNSPECIFIED,USD,,,Information Technology,,true
MSI,"Motorola Solutions, Inc.",0000068505,,XNYS,COMMON_STOCK,UNSPECIFIED,USD,,,Information Technology,,true
MTB,M&T BANK CORP,0000036270,,XNYS,COMMON_STOCK,UNSPECIFIED,USD,,,Financials,,true
MTD,METTLER TOLEDO INTERNATIONAL INC/,0001037646,,XNYS,COMMON_STOCK,UNSPECIFIED,USD,,,Health Care,,true
MU,MICRON TECHNOLOGY INC,0000723125,,XNAS,COMMON_STOCK,UNSPECIFIED,USD,,,Information Technology,,true
NCLH,Norwegian Cruise Line Holdings Ltd.,0001513761,,XNYS,COMMON_STOCK,UNSPECIFIED,USD,,,Consumer Discretionary,,true
NDAQ,"NASDAQ, INC.",0001120193,,XNAS,COMMON_STOCK,UNSPECIFIED,USD,,,Financials,,true
NDSN,NORDSON CORP,0000072331,,XNAS,COMMON_STOCK,UNSPECIFIED,USD,,,Industrials,,true
NEE,NEXTERA ENERGY INC,0000753308,,XNYS,COMMON_STOCK,UNSPECIFIED,USD,,,Utilities,,true
NEM,NEWMONT Corp /DE/,0001164727,,XNYS,COMMON_STOCK,UNSPECIFIED,USD,,,Materials,,true
NFLX,NETFLIX INC,0001065280,,XNAS,COMMON_STOCK,UNSPECIFIED,USD,,,Communication Services,,true
NI,NISOURCE INC.,0001111711,,XNYS,COMMON_STOCK,UNSPECIFIED,USD,,,Utilities,,true
NKE,"NIKE, Inc.",0000320187,,XNYS,COMMON_STOCK,UNSPECIFIED,USD,,,Consumer Discretionary,,true
NOC,NORTHROP GRUMMAN CORP /DE/,0001133421,,XNYS,COMMON_STOCK,UNSPECIFIED,USD,,,Industrials,,true
NOW,"ServiceNow, Inc.",0001373715,,XNYS,COMMON_STOCK,UNSPECIFIED,USD,,,Information Technology,,true
NRG,"NRG ENERGY, INC.",0001013871,,XNYS,COMMON_STOCK,UNSPECIFIED,USD,,,Utilities,,true
NSC,NORFOLK SOUTHERN CORP,0000702165,,XNYS,COMMON_STOCK,UNSPECIFIED,USD,,,Industrials,,true
NTAP,"NetApp, Inc.",0001002047,,XNAS,COMMON_STOCK,UNSPECIFIED,USD,,,Information Technology,,true
NTRS,NORTHERN TRUST CORP,0000073124,,XNAS,COMMON_STOCK,UNSPECIFIED,USD,,,Financials,,true
NUE,NUCOR CORP,0000073309,,XNYS,COMMON_STOCK,UNSPECIFIED,USD,,,Materials,,true
NVDA,NVIDIA CORP,0001045810,,XNAS,COMMON_STOCK,UNSPECIFIED,USD,,,Information Technology,,true
NVR,NVR INC,0000906163,,XNYS,COMMON_STOCK,UNSPECIFIED,USD,,,Consumer Discretionary,,true
NWS,NEWS CORP,0001564708,,XNAS,COMMON_STOCK,CLASS_B,USD,,,Communication Services,,false
NWSA,NEWS CORP,0001564708,,XNAS,COMMON_STOCK,CLASS_A,USD,,,Communication Services,,true
NXPI,NXP Semiconductors N.V.,0001413447,,XNAS,COMMON_STOCK,UNSPECIFIED,USD,,,Information Technology,,true
O,REALTY INCOME CORP,0000726728,,XNYS,COMMON_STOCK,UNSPECIFIED,USD,,,Real Estate,,true
ODFL,"OLD DOMINION FREIGHT LINE, INC.",0000878927,,XNAS,COMMON_STOCK,UNSPECIFIED,USD,,,Industrials,,true
OKE,ONEOK INC /NEW/,0001039684,,XNYS,COMMON_STOCK,UNSPECIFIED,USD,,,Energy,,true
OMC,OMNICOM GROUP INC.,0000029989,,XNYS,COMMON_STOCK,UNSPECIFIED,USD,,,Communication Services,,true
ON,ON SEMICONDUCTOR CORP,0001097864,,XNAS,COMMON_STOCK,UNSPECIFIED,USD,,,Information Technology,,true
ORCL,ORACLE CORP,0001341439,,XNYS,COMMON_STOCK,UNSPECIFIED,USD,,,Information Technology,,true
ORLY,O REILLY AUTOMOTIVE INC,0000898173,,XNAS,COMMON_STOCK,UNSPECIFIED,USD,,,Consumer Discretionary,,true
OTIS,Otis Worldwide Corp,0001781335,,XNYS,COMMON_STOCK,UNSPECIFIED,USD,,,Industrials,,true
OXY,OCCIDENTAL PETROLEUM CORP /DE/,0000797468,,XNYS,COMMON_STOCK,UNSPECIFIED,USD,,,Energy,,true
PANW,Palo Alto Networks Inc,0001327567,,XNAS,COMMON_STOCK,UNSPECIFIED,USD,,,Information Technology,,true
PAYX,PAYCHEX INC,0000723531,,XNAS,COMMON_STOCK,UNSPECIFIED,USD,,,Industrials,,true
PCAR,PACCAR INC,0000075362,,XNAS,COMMON_STOCK,UNSPECIFIED,USD,,,Industrials,,true
PCG,PG&E Corp,0001004980,,XNYS,COMMON_STOCK,UNSPECIFIED,USD,,,Utilities,,true
PEG,PUBLIC SERVICE ENTERPRISE GROUP INC,0000788784,,XNYS,COMMON_STOCK,UNSPECIFIED,USD,,,Utilities,,true
PEP,PEPSICO INC,0000077476,,XNAS,COMMON_STOCK,UNSPECIFIED,USD,,,Consumer Staples,,true
PFE,PFIZER INC,0000078003,,XNYS,COMMON_STOCK,UNSPECIFIED,USD,,,Health Care,,true
PFG,PRINCIPAL FINANCIAL GROUP INC,0001126328,,XNAS,COMMON_STOCK,UNSPECIFIED,USD,,,Financials,,true
PG,PROCTER & GAMBLE Co,0000080424,,XNYS,COMMON_STOCK,UNSPECIFIED,USD,,,Consumer Staples,,true
PGR,PROGRESSIVE CORP/OH/,0000080661,,XNYS,COMMON_STOCK,UNSPECIFIED,USD,,,Financials,,true
PH,Parker-Hannifin Corp,0000076334,,XNYS,COMMON_STOCK,UNSPECIFIED,USD,,,Industrials,,true
PHM,PULTEGROUP INC/MI/,0000822416,,XNYS,COMMON_STOCK,UNSPECIFIED,USD,,,Consumer Discretionary,,true
PKG,PACKAGING CORP OF AMERICA,0000075677,,XNYS,COMMON_STOCK,UNSPECIFIED,USD,,,Materials,,true
PLD,"Prologis, Inc.",0001045609,,XNYS,COMMON_STOCK,UNSPECIFIED,USD,,,Real Estate,,true
PLTR,Palantir Technologies Inc.,0001321655,,XNAS,COMMON_STOCK,CLASS_A,USD,,,Information Technology,,true
PM,Philip Morris International Inc.,0001413329,,XNYS,COMMON_STOCK,UNSPECIFIED,USD,,,Consumer Staples,,true
PNC,"PNC FINANCIAL SERVICES GROUP, INC.",0000713676,,XNYS,COMMON_STOCK,UNSPECIFIED,USD,,,Financials,,true
PNR,PENTAIR plc,0000077360,,XNYS,COMMON_STOCK,UNSPECIFIED,USD,,,Industrials,,true
PNW,PINNACLE WEST CAPITAL CORP,0000764622,,XNYS,COMMON_STOCK,UNSPECIFIED,USD,,,Utilities,,true
PODD,INSULET CORP,0001145197,,XNAS,COMMON_STOCK,UNSPECIFIED,USD,,,Health Care,,true
PPG,PPG INDUSTRIES INC,0000079879,,XNYS,COMMON_STOCK,UNSPECIFIED,USD,,,Materials,,true
PPL,PPL Corp,0000922224,,XNYS,COMMON_STOCK,UNSPECIFIED,USD,,,Utilities,,true
PRU,PRUDENTIAL FINANCIAL INC,0001137774,,XNYS,COMMON_STOCK,UNSPECIFIED,USD,,,Financials,,true
PSA,Public Storage,0001393311,,XNYS,COMMON_STOCK,UNSPECIFIED,USD,,,Real Estate,,true
PSKY,"New Pluto Global, Inc.",0002041610,,XNAS,COMMON_STOCK,UNSPECIFIED,USD,,,Communication Services,,true
PSX,Phillips 66,0001534701,,XNYS,COMMON_STOCK,UNSPECIFIED,USD,,,Energy,,true
PTC,PTC INC.,0000857005,,XNAS,COMMON_STOCK,UNSPECIFIED,USD,,,Information Technology,,true
PWR,"QUANTA SERVICES, INC.",0001050915,,XNYS,COMMON_STOCK,UNSPECIFIED,USD,,,Industrials,,true
PYPL,"PayPal Holdings, Inc.",0001633917,,XNAS,COMMON_STOCK,UNSPECIFIED,USD,,,Financials,,true
Q,Qnity Electronics,0002058873,,XNYS,COMMON_STOCK,UNSPECIFIED,USD,,,Information Technology,,true
QCOM,QUALCOMM INC/DE,0000804328,,XNAS,COMMON_STOCK,UNSPECIFIED,USD,,,Information Technology,,true
RCL,ROYAL CARIBBEAN CRUISES LTD,0000884887,,XNYS,COMMON_STOCK,UNSPECIFIED,USD,,,Consumer Discretionary,,true
RDDT,"Reddit, Inc.",0001713445,,XNYS,COMMON_STOCK,UNSPECIFIED,USD,,,Communication Services,,true
REG,REGENCY CENTERS CORP,0000910606,,XNAS,COMMON_STOCK,UNSPECIFIED,USD,,,Real Estate,,true
REGN,"REGENERON PHARMACEUTICALS, INC.",0000872589,,XNAS,COMMON_STOCK,UNSPECIFIED,USD,,,Health Care,,true
RF,REGIONS FINANCIAL CORP,0001281761,,XNYS,COMMON_STOCK,UNSPECIFIED,USD,,,Financials,,true
RJF,RAYMOND JAMES FINANCIAL INC,0000720005,,XNYS,COMMON_STOCK,UNSPECIFIED,USD,,,Financials,,true
RL,RALPH LAUREN CORP,0001037038,,XNYS,COMMON_STOCK,UNSPECIFIED,USD,,,Consumer Discretionary,,true
RMD,RESMED INC,0000943819,,XNYS,COMMON_STOCK,UNSPECIFIED,USD,,,Health Care,,true
ROK,"ROCKWELL AUTOMATION, INC",0001024478,,XNYS,COMMON_STOCK,UNSPECIFIED,USD,,,Industrials,,true
ROL,ROLLINS INC,0000084839,,XNYS,COMMON_STOCK,UNSPECIFIED,USD,,,Industrials,,true
ROP,ROPER TECHNOLOGIES INC,0000882835,,XNAS,COMMON_STOCK,UNSPECIFIED,USD,,,Information Technology,,true
ROST,"ROSS STORES, INC.",0000745732,,XNAS,COMMON_STOCK,UNSPECIFIED,USD,,,Consumer Discretionary,,true
RSG,"REPUBLIC SERVICES, INC.",0001060391,,XNYS,COMMON_STOCK,UNSPECIFIED,USD,,,Industrials,,true
RTX,RTX Corp,0000101829,,XNYS,COMMON_STOCK,UNSPECIFIED,USD,,,Industrials,,true
RVTY,"REVVITY, INC.",0000031791,,XNYS,COMMON_STOCK,UNSPECIFIED,USD,,,Health Care,,true
SBAC,SBA COMMUNICATIONS CORP,0001034054,,XNAS,COMMON_STOCK,UNSPECIFIED,USD,,,Real Estate,,true
SBUX,STARBUCKS CORP,0000829224,,XNAS,COMMON_STOCK,UNSPECIFIED,USD,,,Consumer Discretionary,,true
SCHW,SCHWAB CHARLES CORP,0000316709,,XNYS,COMMON_STOCK,UNSPECIFIED,USD,,,Financials,,true
SHW,SHERWIN WILLIAMS CO,0000089800,,XNYS,COMMON_STOCK,UNSPECIFIED,USD,,,Materials,,true
SJM,J M SMUCKER Co,0000091419,,XNYS,COMMON_STOCK,UNSPECIFIED,USD,,,Consumer Staples,,true
SLB,SCHLUMBERGER LIMITED/NV,0000087347,,XNYS,COMMON_STOCK,UNSPECIFIED,USD,,,Energy,,true
SMCI,"Super Micro Computer, Inc.",0001375365,,XNAS,COMMON_STOCK,UNSPECIFIED,USD,,,Information Technology,,true
SNA,Snap-on Inc,0000091440,,XNYS,COMMON_STOCK,UNSPECIFIED,USD,,,Industrials,,true
SNDK,Sandisk Corp,0002023554,,XNAS,COMMON_STOCK,UNSPECIFIED,USD,,,Information Technology,,true
SNPS,SYNOPSYS INC,0000883241,,XNAS,COMMON_STOCK,UNSPECIFIED,USD,,,Information Technology,,true
SO,SOUTHERN CO,0000092122,,XNYS,COMMON_STOCK,UNSPECIFIED,USD,,,Utilities,,true
SOLV,Solventum Corp,0001964738,,XNYS,COMMON_STOCK,UNSPECIFIED,USD,,,Health Care,,true
SPG,SIMON PROPERTY GROUP INC /DE/,0001063761,,XNYS,COMMON_STOCK,UNSPECIFIED,USD,,,Real Estate,,true
SPGI,S&P Global Inc.,0000064040,,XNYS,COMMON_STOCK,UNSPECIFIED,USD,,,Financials,,true
SRE,SEMPRA,0001032208,,XNYS,COMMON_STOCK,UNSPECIFIED,USD,,,Utilities,,true
STE,STERIS plc,0001757898,,XNYS,COMMON_STOCK,UNSPECIFIED,USD,,,Health Care,,true
STLD,STEEL DYNAMICS INC,0001022671,,XNAS,COMMON_STOCK,UNSPECIFIED,USD,,,Materials,,true
STT,STATE STREET CORP,0000093751,,XNYS,COMMON_STOCK,UNSPECIFIED,USD,,,Financials,,true
STX,Seagate Technology Holdings plc,0001137789,,XNAS,COMMON_STOCK,UNSPECIFIED,USD,,,Information Technology,,true
STZ,"CONSTELLATION BRANDS, INC.",0000016918,,XNYS,COMMON_STOCK,UNSPECIFIED,USD,,,Consumer Staples,,true
SW,Smurfit Westrock plc,0002005951,,XNYS,COMMON_STOCK,UNSPECIFIED,USD,,,Materials,,true
SWK,"STANLEY BLACK & DECKER, INC.",0000093556,,XNYS,COMMON_STOCK,UNSPECIFIED,USD,,,Industrials,,true
SWKS,"SKYWORKS SOLUTIONS, INC.",0000004127,,XNAS,COMMON_STOCK,UNSPECIFIED,USD,,,Information Technology,,true
SYF,Synchrony Financial,0001601712,,XNYS,COMMON_STOCK,UNSPECIFIED,USD,,,Financials,,true
SYK,STRYKER CORP,0000310764,,XNYS,COMMON_STOCK,UNSPECIFIED,USD,,,Health Care,,true
SYY,SYSCO CORP,0000096021,,XNYS,COMMON_STOCK,UNSPECIFIED,USD,,,Consumer Staples,,true
T,AT&T INC.,0000732717,,XNYS,COMMON_STOCK,UNSPECIFIED,USD,,,Communication Services,,true
TAP,MOLSON COORS BEVERAGE CO,0000024545,,XNYS,COMMON_STOCK,UNSPECIFIED,USD,,,Consumer Staples,,true
TDG,TransDigm Group INC,0001260221,,XNYS,COMMON_STOCK,UNSPECIFIED,USD,,,Industrials,,true
TDY,TELEDYNE TECHNOLOGIES INC,0001094285,,XNYS,COMMON_STOCK,UNSPECIFIED,USD,,,Information Technology,,true
TECH,BIO-TECHNE Corp,0000842023,,XNAS,COMMON_STOCK,UNSPECIFIED,USD,,,Health Care,,true
TEL,TE Connectivity plc,0001385157,,XNYS,COMMON_STOCK,UNSPECIFIED,USD,,,Information Technology,,true
TER,"TERADYNE, INC",0000097210,,XNAS,COMMON_STOCK,UNSPECIFIED,USD,,,Information Technology,,true
TFC,TRUIST FINANCIAL CORP,0000092230,,XNYS,COMMON_STOCK,UNSPECIFIED,USD,,,Financials,,true
TGT,TARGET CORP,0000027419,,XNYS,COMMON_STOCK,UNSPECIFIED,USD,,,Consumer Staples,,true
TJX,TJX COMPANIES INC /DE/,0000109198,,XNYS,COMMON_STOCK,UNSPECIFIED,USD,,,Consumer Discretionary,,true
TKO,"TKO Group Holdings, Inc.",0001973266,,XNYS,COMMON_STOCK,UNSPECIFIED,USD,,,Communication Services,,true
TMO,THERMO FISHER SCIENTIFIC INC.,0000097745,,XNYS,COMMON_STOCK,UNSPECIFIED,USD,,,Health Care,,true
TMUS,"T-Mobile US, Inc.",0001283699,,XNAS,COMMON_STOCK,UNSPECIFIED,USD,,,Communication Services,,true
TPL,Texas Pacific Land Corp,0001811074,,XNYS,COMMON_STOCK,UNSPECIFIED,USD,,,Energy,,true
TPR,"TAPESTRY, INC.",0001116132,,XNYS,COMMON_STOCK,UNSPECIFIED,USD,,,Consumer Discretionary,,true
TRGP,Targa Resources Corp.,0001389170,,XNYS,COMMON_STOCK,UNSPECIFIED,USD,,,Energy,,true
TRMB,TRIMBLE INC.,0000864749,,XNAS,COMMON_STOCK,UNSPECIFIED,USD,,,Information Technology,,true
TROW,PRICE T ROWE GROUP INC,0001113169,,XNAS,COMMON_STOCK,UNSPECIFIED,USD,,,Financials,,true
TRV,"TRAVELERS COMPANIES, INC.",0000086312,,XNYS,COMMON_STOCK,UNSPECIFIED,USD,,,Financials,,true
TSCO,TRACTOR SUPPLY CO /DE/,0000916365,,XNAS,COMMON_STOCK,UNSPECIFIED,USD,,,Consumer Discretionary,,true
TSLA,"Tesla, Inc.",0001318605,,XNAS,COMMON_STOCK,UNSPECIFIED,USD,,,Consumer Discretionary,,true
TSN,"TYSON FOODS, INC.",0000100493,,XNYS,COMMON_STOCK,UNSPECIFIED,USD,,,Consumer Staples,,true
TT,Trane Technologies plc,0001466258,,XNYS,COMMON_STOCK,UNSPECIFIED,USD,,,Industrials,,true
TTD,"Trade Desk, Inc.",0001671933,,XNAS,COMMON_STOCK,UNSPECIFIED,USD,,,Communication Services,,true
TTWO,TAKE TWO INTERACTIVE SOFTWARE INC,0000946581,,XNAS,COMMON_STOCK,UNSPECIFIED,USD,,,Communication Services,,true
TXN,TEXAS INSTRUMENTS INC,0000097476,,XNAS,COMMON_STOCK,UNSPECIFIED,USD,,,Information Technology,,true
TXT,TEXTRON INC,0000217346,,XNYS,COMMON_STOCK,UNSPECIFIED,USD,,,Industrials,,true
TYL,TYLER TECHNOLOGIES INC,0000860731,,XNYS,COMMON_STOCK,UNSPECIFIED,USD,,,Information Technology,,true
UAL,"United Airlines Holdings, Inc.",0000100517,,XNAS,COMMON_STOCK,UNSPECIFIED,USD,,,Industrials,,true
UBER,"Uber Technologies, Inc",0001543151,,XNYS,COMMON_STOCK,UNSPECIFIED,USD,,,Industrials,,true
UDR,"UDR, Inc.",0000074208,,XNYS,COMMON_STOCK,UNSPECIFIED,USD,,,Real Estate,,true
UHS,UNIVERSAL HEALTH SERVICES INC,0000352915,,XNYS,COMMON_STOCK,UNSPECIFIED,USD,,,Health Care,,true
ULTA,"Ulta Beauty, Inc.",0001403568,,XNAS,COMMON_STOCK,UNSPECIFIED,USD,,,Consumer Discretionary,,true
UNH,UNITEDHEALTH GROUP INC,0000731766,,XNYS,COMMON_STOCK,UNSPECIFIED,USD,,,Health Care,,true
UNP,UNION PACIFIC CORP,0000100885,,XNYS,COMMON_STOCK,UNSPECIFIED,USD,,,Industrials,,true
UPS,UNITED PARCEL SERVICE INC,0001090727,,XNYS,COMMON_STOCK,UNSPECIFIED,USD,,,Industrials,,true
URI,"UNITED RENTALS, INC.",0001067701,,XNYS,COMMON_STOCK,UNSPECIFIED,USD,,,Industrials,,true
USB,US BANCORP \DE\,0000036104,,XNYS,COMMON_STOCK,UNSPECIFIED,USD,,,Financials,,true
V,VISA INC.,0001403161,,XNYS,COMMON_STOCK,UNSPECIFIED,USD,,,Financials,,true
VEEV,VEEVA SYSTEMS INC,0001393052,,XNYS,COMMON_STOCK,UNSPECIFIED,USD,,,Health Care,,true
VICI,VICI PROPERTIES INC.,0001705696,,XNYS,COMMON_STOCK,UNSPECIFIED,USD,,,Real Estate,,true
VLO,VALERO ENERGY CORP/TX,0001035002,,XNYS,COMMON_STOCK,UNSPECIFIED,USD,,,Energy,,true
VLTO,Veralto Corp,0001967680,,XNYS,COMMON_STOCK,UNSPECIFIED,USD,,,Industrials,,true
VMC,Vulcan Materials CO,0001396009,,XNYS,COMMON_STOCK,UNSPECIFIED,USD,,,Materials,,true
VMRK,EQUITY RESIDENTIAL,0000906107,,XNYS,COMMON_STOCK,UNSPECIFIED,USD,,,Real Estate,,true
VRSK,"Verisk Analytics, Inc.",0001442145,,XNAS,COMMON_STOCK,UNSPECIFIED,USD,,,Industrials,,true
VRSN,VERISIGN INC/CA,0001014473,,XNAS,COMMON_STOCK,UNSPECIFIED,USD,,,Information Technology,,true
VRT,Vertiv Holdings Co,0001674101,,XNYS,COMMON_STOCK,UNSPECIFIED,USD,,,Industrials,,true
VRTX,VERTEX PHARMACEUTICALS INC / MA,0000875320,,XNAS,COMMON_STOCK,UNSPECIFIED,USD,,,Health Care,,true
VST,Vistra Corp.,0001692819,,XNYS,COMMON_STOCK,UNSPECIFIED,USD,,,Utilities,,true
VTR,"Ventas, Inc.",0000740260,,XNYS,COMMON_STOCK,UNSPECIFIED,USD,,,Real Estate,,true
VTRS,Viatris Inc,0001792044,,XNAS,COMMON_STOCK,UNSPECIFIED,USD,,,Health Care,,true
VZ,VERIZON COMMUNICATIONS INC,0000732712,,XNYS,COMMON_STOCK,UNSPECIFIED,USD,,,Communication Services,,true
WAB,WESTINGHOUSE AIR BRAKE TECHNOLOGIES CORP,0000943452,,XNYS,COMMON_STOCK,UNSPECIFIED,USD,,,Industrials,,true
WAT,WATERS CORP /DE/,0001000697,,XNYS,COMMON_STOCK,UNSPECIFIED,USD,,,Health Care,,true
WBD,"Warner Bros. Discovery, Inc.",0001437107,,XNAS,COMMON_STOCK,SERIES_A,USD,,,Communication Services,,true
WDAY,"Workday, Inc.",0001327811,,XNAS,COMMON_STOCK,CLASS_A,USD,,,Information Technology,,true
WDC,WESTERN DIGITAL CORP,0000106040,,XNAS,COMMON_STOCK,UNSPECIFIED,USD,,,Information Technology,,true
WEC,"WEC ENERGY GROUP, INC.",0000783325,,XNYS,COMMON_STOCK,UNSPECIFIED,USD,,,Utilities,,true
WELL,WELLTOWER INC.,0000766704,,XNYS,COMMON_STOCK,UNSPECIFIED,USD,,,Real Estate,,true
WFC,WELLS FARGO & COMPANY/MN,0000072971,,XNYS,COMMON_STOCK,UNSPECIFIED,USD,,,Financials,,true
WM,WASTE MANAGEMENT INC,0000823768,,XNYS,COMMON_STOCK,UNSPECIFIED,USD,,,Industrials,,true
WMB,"WILLIAMS COMPANIES, INC.",0000107263,,XNYS,COMMON_STOCK,UNSPECIFIED,USD,,,Energy,,true
WMT,Walmart Inc.,0000104169,,XNAS,COMMON_STOCK,UNSPECIFIED,USD,,,Consumer Staples,,true
WRB,BERKLEY W R CORP,0000011544,,XNYS,COMMON_STOCK,UNSPECIFIED,USD,,,Financials,,true
WSM,WILLIAMS SONOMA INC,0000719955,,XNYS,COMMON_STOCK,UNSPECIFIED,USD,,,Consumer Discretionary,,true
WST,WEST PHARMACEUTICAL SERVICES INC,0000105770,,XNYS,COMMON_STOCK,UNSPECIFIED,USD,,,Health Care,,true
WTW,WILLIS TOWERS WATSON PLC,0001140536,,XNAS,COMMON_STOCK,UNSPECIFIED,USD,,,Financials,,true
WY,WEYERHAEUSER CO,0000106535,,XNYS,COMMON_STOCK,UNSPECIFIED,USD,,,Real Estate,,true
WYNN,WYNN RESORTS LTD,0001174922,,XNAS,COMMON_STOCK,UNSPECIFIED,USD,,,Consumer Discretionary,,true
XEL,XCEL ENERGY INC,0000072903,,XNAS,COMMON_STOCK,UNSPECIFIED,USD,,,Utilities,,true
XOM,EXXON MOBIL CORP,0002115436,,XNYS,COMMON_STOCK,UNSPECIFIED,USD,,,Energy,,true
XYL,Xylem Inc.,0001524472,,XNYS,COMMON_STOCK,UNSPECIFIED,USD,,,Industrials,,true
XYZ,"Block, Inc.",0001512673,,XNYS,COMMON_STOCK,UNSPECIFIED,USD,,,Financials,,true
YUM,YUM BRANDS INC,0001041061,,XNYS,COMMON_STOCK,UNSPECIFIED,USD,,,Consumer Discretionary,,true
ZBH,"ZIMMER BIOMET HOLDINGS, INC.",0001136869,,XNYS,COMMON_STOCK,UNSPECIFIED,USD,,,Health Care,,true
ZBRA,ZEBRA TECHNOLOGIES CORP,0000877212,,XNAS,COMMON_STOCK,UNSPECIFIED,USD,,,Information Technology,,true
ZTS,Zoetis Inc.,0001555280,,XNYS,COMMON_STOCK,UNSPECIFIED,USD,,,Health Care,,true
